Word,Count
dont,565
love,537
know,428
baby,326
let,253
go,251
never,243
get,222
want,204
come,198
make,183
time,173
back,169
need,169
say,168
every,164
try,157
take,155
fuck,148
feel,147
right,146
cant,136
somebody,133
see,132
girls,131
day,130
give,129
night,126
keep,124
good,124
work,122
find,121
life,119
run,116
world,115
body,113
heart,110
think,110
put,108
little,106
boy,103
home,97
away,95
tell,94
sorry,89
bad,87
side,84
wont,82
always,80
better,80
rain,79
much,78
even,78
thing,77
tonight,75
look,74
really,74
used,73
man,72
fall,71
stop,69
girl,68
touch,67
said,67
meant,65
mind,64
us,64
star,64
still,63
kiss,63
late,63
well,62
hard,60
call,60
high,58
wish,57
old,56
around,56
best,56
shit,55
ever,54
last,54
stay,54
hold,53
lost,52
bitch,51
hands,50
long,50
care,50
must,49
people,48
turn,48
cry,48
change,48
top,48
beautiful,48
left,48
walk,47
show,47
next,47
money,46
sick,46
thought,46
wake,45
tears,45
made,45
god,45
babe,45
new,44
nobody,43
light,42
mama,41
hurt,40
feeling,40
til,39
kids,39
hate,39
leave,39
talk,39
stars,38
name,38
skin,38
ready,38
lets,37
guess,37
head,36
found,36
face,36
lose,35
hope,35
theres,35
live,34
someone,34
believe,34
mean,34
nigga,34
alone,33
free,33
gets,33
cool,33
okay,33
eyes,32
break,32
dancing,32
deep,32
feelin,32
gone,31
play,31
pain,31
watch,31
please,31
close,31
told,30
wrong,30
cater,30
enough,29
crazy,29
anything,29
remember,28
song,28
hell,28
far,28
bed,28
came,28
dark,28
friends,28
pussy,28
pickin,28
hit,27
living,27
days,27
inside,27
reason,27
everything,27
dance,27
million,27
dream,26
forever,25
hear,25
words,25
livin,25
something,25
wanted,25
reasons,25
drop,25
taste,24
feels,24
ending,24
easy,24
else,24
middle,24
sweet,23
fly,23
drink,23
fine,23
matter,23
sound,23
freak,23
soul,22
lie,22
wait,22
die,22
young,22
tired,22
giving,22
heard,22
meet,22
waiting,22
person,22
celebrating,22
brown,22
place,21
bring,21
seen,21
tomorrow,21
boys,21
cold,21
saying,21
ass,21
thinking,21
untouchable,21
learn,20
start,20
times,20
sing,20
many,20
goodbye,20
sit,20
minute,20
spinnin,20
staying,20
niggas,20
lovin,19
hand,19
mistakes,19
ask,19
empty,19
hour,19
power,19
longer,19
big,19
going,19
knows,19
sad,19
together,19
treat,19
pretend,19
swear,19
mouth,18
fire,18
help,18
dreams,18
real,18
lord,18
hurts,18
dog,18
proud,18
alive,18
finally,18
lies,17
loving,17
control,17
stand,17
nights,17
sky,17
pretty,17
today,17
met,17
promise,17
least,17
wants,17
shut,17
alright,17
willing,17
julia,17
bitches,17
lights,16
happy,16
theyre,16
done,16
mess,16
knife,16
fast,16
fuckin,16
end,16
tryna,16
shoot,16
rockin,16
worried,16
saxe,16
gang,16
feet,15
understand,15
falling,15
hair,15
holdin,15
open,15
kick,15
seem,15
marry,15
hot,15
roll,15
though,15
fight,15
brand,15
lookin,15
miss,15
strong,15
sleep,15
lead,15
floor,15
ohohoh,15
chris,15
martin,15
first,15
nicki,15
112414,15
running,15
losing,15
called,15
smile,14
single,14
arms,14
tight,14
broken,14
bought,14
went,14
human,14
fell,14
sang,14
morning,14
wherever,14
church,14
worship,14
death,14
weve,14
lonely,14
stranger,14
dinner,14
freaky,14
fun,14
white,14
perfect,14
issues,14
turnt,14
rare,14
thinkin,13
may,13
sun,13
smoke,13
whole,13
rude,13
drunk,13
tryin,13
sins,13
offer,13
wasnt,13
number,13
forget,13
whenever,13
selena,13
gomez,13
loved,13
lips,13
minaj,13
making,13
wave,13
weak,13
ba,13
dey,13
swipe,13
west,13
dry,12
within,12
took,12
follow,12
belong,12
ends,12
makes,12
breakin,12
amen,12
shrine,12
sharpen,12
deathless,12
takin,12
wonder,12
couldnt,12
cut,12
across,12
angel,12
ring,12
slippers,12
dessert,12
beat,12
pull,12
calling,12
waist,12
fallin,12
future,12
turned,12
werent,12
shake,12
talkin,12
rembau,12
hoes,12
hellohello,12
players,12
thousand,11
moment,11
mirror,11
swing,11
full,11
hook,11
songs,11
round,11
hundred,11
takes,11
picture,11
drank,11
house,11
saw,11
speak,11
years,11
couple,11
kim,11
listen,11
older,11
felt,11
room,11
unapologetic,11
yuna,11
coming,11
fix,11
neverland,11
scared,11
scars,11
singin,11
pray,11
savage,11
brain,11
freddie,11
lady,11
damn,11
eh,11
wo,11
temasek,11
deserve,11
till,10
kill,10
buy,10
party,10
act,10
true,10
spend,10
mine,10
anyway,10
anywhere,10
needed,10
fools,10
pay,10
near,10
bye,10
different,10
names,10
shits,10
mad,10
catch,10
imagine,10
isnt,10
awake,10
game,10
send,10
type,10
doin,10
gave,10
dice,10
problems,10
hopin,10
waaaaaaa,10
baddest,10
road,10
water,10
mercury,10
poor,10
accept,10
business,10
rather,10
calls,10
walked,10
trade,10
gaga,10
disappear,10
swirlin,10
sam,10
smith,10
stephen,10
sanchez,10
wrap,10
hu,10
part,9
city,9
four,9
voice,9
rest,9
stress,9
looking,9
fucked,9
broke,9
amazing,9
friend,9
family,9
pulled,9
son,9
somewhere,9
use,9
reality,9
drive,9
small,9
missin,9
kind,9
word,9
camera,9
trying,9
supposed,9
knees,9
quit,9
crush,9
lala,9
set,9
lover,9
ghosts,9
tear,9
already,9
foot,9
tried,9
danced,9
givin,9
past,9
pressure,9
oohooh,9
queen,9
prayin,9
deal,9
layin,9
freedom,9
andré,9
3000,9
pearls,9
surrender,9
unholy,9
block,9
lockdown,9
hype,9
rings,9
nas,9
ak,9
hi,9
megan,9
stallion,9
yuki,9
chiba,9
loud,8
makin,8
hearts,8
pill,8
rock,8
sea,8
father,8
chandelier,8
dear,8
mornin,8
comes,8
worth,8
wasted,8
land,8
hide,8
door,8
daughter,8
clothes,8
slowly,8
aching,8
heaven,8
win,8
warm,8
nanananana,8
dare,8
truth,8
nice,8
seven,8
wished,8
yall,8
admit,8
nowhere,8
kinda,8
happened,8
eat,8
step,8
loves,8
sign,8
award,8
artist,8
feat,8
drake,8
inspire,8
darkness,8
daddy,8
dadadadadadada,8
alcohol,8
rollin,8
move,8
zayn,8
yee,8
lalalalala,8
payback,8
showin,8
florida,8
lay,8
de,8
gives,8
gim,8
shaan,8
singh,8
whys,8
motivation,8
calm,8
vibe,8
maren,8
morris,8
turnin,8
moves,8
mhmm,8
faster,8
problem,8
royal,8
flush,8
youtube,8
thighs,8
sabronzo,8
ways,7
numb,7
walls,7
fighting,7
superhero,7
learns,7
breath,7
push,7
fill,7
weed,7
trees,7
overseas,7
smart,7
moving,7
knowing,7
standin,7
someday,7
diamonds,7
summer,7
grace,7
breeze,7
itd,7
caught,7
page,7
meghan,7
trainor,7
movie,7
chance,7
cd,7
doubt,7
burn,7
mechorus,7
peace,7
cares,7
breathe,7
bodys,7
runnin,7
lick,7
favorite,7
year,7
ed,7
williams,7
anyone,7
coffee,7
ignore,7
beats,7
evil,7
point,7
quite,7
cup,7
judge,7
pride,7
although,7
ohohohoh,7
anytime,7
worse,7
ten,7
yeahchorus,7
bebe,7
hmm,7
solo,7
fears,7
stressed,7
build,7
streets,7
higher,7
caring,7
killer,7
dawn,7
boss,7
bae,7
nasty,7
wizkid,7
du,7
special,7
worked,7
return,7
g,7
ohooh,7
functional,7
convey,7
syasya,7
tabby,7
legs,6
honey,6
write,6
grass,6
interlude,6
sexy,6
glass,6
guy,6
apologies,6
lotta,6
doctor,6
psychology,6
piffing,6
cali,6
dumb,6
luck,6
behind,6
havent,6
car,6
answer,6
memories,6
eye,6
youth,6
huntin,6
season,6
searchin,6
meanin,6
gold,6
relief,6
shouldve,6
command,6
plenty,6
view,6
trip,6
snare,6
hated,6
kickin,6
kissed,6
hailies,6
bullets,6
gun,6
poppin,6
kitchen,6
grew,6
quick,6
tellin,6
selfish,6
children,6
gotye,6
wear,6
shoes,6
scare,6
moved,6
beating,6
fact,6
poured,6
symphony,6
blood,6
blah,6
ladies,6
awards,6
jayz,6
michelle,6
rush,6
front,6
seat,6
missing,6
woods,6
cuff,6
desire,6
sure,6
shines,6
bit,6
crew,6
translate,6
movin,6
glory,6
taylor,6
swift,6
stuck,6
lap,6
drinkin,6
shape,6
discoverin,6
story,6
fair,6
asked,6
heartbreak,6
edge,6
mood,6
figured,6
bein,6
inspired,6
tables,6
rexha,6
works,6
everyday,6
momma,6
david,6
bowie,6
watching,6
degrees,6
wind,6
mia,6
private,6
jeans,6
changin,6
check,6
hood,6
rollie,6
slept,6
hailee,6
steinfeld,6
seems,6
lean,6
camila,6
mothers,6
irrelevant,6
skyd,6
shshake,6
earth,6
upstairs,6
burnin,6
option,6
twisted,6
stops,6
vibin,6
taught,6
sheeran,6
bieber,6
shop,6
murder,6
cream,6
bloody,6
fanta,6
yanga,6
lolololololololowoahwoahwoahwoahwoah,6
unless,6
color,6
soldiers,6
rooting,6
leaving,6
imma,6
secret,6
wrestle,6
curves,6
shouted,6
opps,6
slaughter,6
ew,6
thee,6
instrumental,5
bright,5
shopping,5
bottles,5
dollar,5
bills,5
hunger,5
starts,5
working,5
4,5
makeup,5
shy,5
choose,5
exist,5
bleedin,5
walking,5
says,5
galaxy,5
means,5
grey,5
clouds,5
town,5
read,5
lifes,5
showed,5
lit,5
shine,5
mr,5
knowoh,5
along,5
share,5
theyll,5
scene,5
woke,5
john,5
lovers,5
funeral,5
fresh,5
born,5
sent,5
horse,5
video,5
picket,5
motherfuckin,5
trigger,5
figure,5
prolly,5
leavin,5
teeth,5
sake,5
killed,5
woulda,5
fore,5
prescription,5
mom,5
funny,5
sense,5
sex,5
watchin,5
lift,5
hanging,5
six,5
exactly,5
taking,5
charli,5
xcx,5
ow,5
phone,5
sat,5
telling,5
music,5
shows,5
carter,5
store,5
woman,5
rocket,5
ghost,5
voices,5
singing,5
guitar,5
everyone,5
peter,5
pan,5
since,5
wendy,5
boo,5
whatever,5
serve,5
war,5
harder,5
grind,5
solve,5
vain,5
explain,5
complicated,5
drum,5
club,5
hours,5
fallen,5
bow,5
stare,5
lalala,5
lelelet,5
ground,5
fake,5
burns,5
ball,5
galileo,5
playing,5
fade,5
bear,5
brag,5
noon,5
dinah,5
whiskey,5
lyrics,5
ordinary,5
papapada,5
ear,5
paint,5
patience,5
grateful,5
ex,5
drama,5
justin,5
pop,5
petras,5
mummy,5
daddys,5
clean,5
n9,5
strugglin,5
red,5
alyph,5
tick,5
spaceships,5
eating,5
meal,5
quiet,5
flow,5
haters,5
agrees,5
kuaih,5
suspect,5
interview,5
great,5
neat,5
gently,5
grave,5
crawl,5
grow,4
hoping,4
lololo,4
bus,4
yellow,4
roof,4
safe,4
unknown,4
cocaine,4
skies,4
dip,4
street,4
blows,4
struggling,4
taken,4
7,4
nails,4
promises,4
flows,4
dead,4
green,4
turning,4
glad,4
waste,4
outta,4
tough,4
looked,4
given,4
wall,4
stomach,4
stick,4
cake,4
wild,4
musician,4
oooh,4
brought,4
pourin,4
softly,4
nananana,4
nanana,4
plans,4
arrow,4
lambs,4
careful,4
cryin,4
crying,4
silver,4
walkin,4
split,4
legend,4
week,4
looks,4
spent,4
barely,4
usually,4
hello,4
darling,4
wheres,4
signs,4
kid,4
parents,4
sour,4
months,4
panties,4
stupid,4
shot,4
welcome,4
record,4
someones,4
blew,4
places,4
believing,4
dazed,4
haze,4
pick,4
twilight,4
strike,4
hat,4
midnight,4
prepared,4
written,4
cost,4
satisfied,4
afford,4
wings,4
hips,4
kelly,4
rowland,4
ivy,4
usher,4
none,4
handle,4
bite,4
feelings,4
thoughts,4
bored,4
captain,4
workin,4
pour,4
willin,4
fulfill,4
tap,4
shoulder,4
joy,4
ups,4
downs,4
wanting,4
tiny,4
enjoy,4
shoulders,4
twice,4
sittin,4
happening,4
sonaone,4
worry,4
conversation,4
sheets,4
smell,4
bag,4
plate,4
chest,4
hurtin,4
stopped,4
hol,4
lalalala,4
loyal,4
relax,4
cmon,4
rip,4
blurryface,4
sell,4
ship,4
um,4
screaming,4
matters,4
greatest,4
unstoppable,4
searching,4
known,4
price,4
fever,4
men,4
neck,4
gee,4
thanks,4
normani,4
lauren,4
innovation,4
regular,4
fightin,4
hallelujah,4
swish,4
began,4
embrace,4
earthquake,4
chillin,4
treasure,4
killing,4
tee,4
lately,4
dancin,4
flowers,4
recognize,4
claiming,4
cursing,4
waitin,4
cha,4
flight,4
direction,4
oops,4
irreplaceable,4
shed,4
state,4
case,4
oheeohee,4
eeoh,4
kito,4
player,4
busy,4
expensive,4
comfortable,4
lake,4
rich,4
glitter,4
form,4
gum,4
cam,4
po,4
funk,4
continue,4
hah,4
keeping,4
toe,4
ago,4
rick,4
james,4
dick,4
yup,4
teatime,4
vie,4
en,4
rose,4
anniversary,4
bezel,4
pelangi,4
korang,4
whatsapp,4
uniform,4
flick,4
rendezvous,4
hunt,4
tween,4
yonnyboii,4
zynakal,4
ohohohohohohoh,4
k,4
friday,4
cuzzo,4
kanye,4
min,4
loyoyal,4
spaceship,4
basic,4
palestine,4
darlin,3
beatin,3
memory,3
strings,3
fields,3
glazed,3
buying,3
carts,3
sipping,3
bodyguards,3
gucci,3
boulevard,3
colour,3
float,3
stronger,3
steel,3
match,3
explode,3
wash,3
sand,3
5,3
anythin,3
count,3
bird,3
heal,3
moments,3
holding,3
box,3
acting,3
sees,3
cars,3
jet,3
blessin,3
heels,3
toes,3
stumbled,3
drown,3
blind,3
paid,3
leaves,3
child,3
angels,3
hum,3
raising,3
thatd,3
darkest,3
woe,3
turns,3
sorrow,3
granted,3
regret,3
sooner,3
heavens,3
tells,3
shiny,3
course,3
kings,3
sweeter,3
sin,3
produced,3
flying,3
building,3
youchorus,3
headphones,3
discriminated,3
protested,3
demonstrated,3
wicked,3
rhymes,3
commotion,3
emotions,3
oceans,3
explodin,3
tempers,3
flarin,3
breathin,3
evenin,3
vinegar,3
ridiculous,3
haverse,3
skeletons,3
coffin,3
expose,3
73,3
multiplatinumselling,3
faggot,3
mustve,3
bunch,3
hailie,3
grit,3
smartest,3
ida,3
eminem,3
uhverse,3
diss,3
recognition,3
dissin,3
position,3
envision,3
witnessin,3
pills,3
bitchin,3
purse,3
public,3
housing,3
systems,3
victim,3
münchausens,3
syndrome,3
justify,3
treated,3
nathans,3
growin,3
phony,3
haha,3
ronnie,3
died,3
hehe,3
dead—dead,3
faces,3
school,3
lesson,3
ache,3
locked,3
beneath,3
milky,3
moonlit,3
band,3
fireflies,3
moons,3
sparkling,3
pose,3
hopes,3
role,3
hush,3
amazed,3
likes,3
blown,3
breaks,3
almost,3
bullshit,3
miles,3
62914,3
female,3
album,3
62815,3
711,3
grammy,3
tour,3
flawless,3
remix,3
ii,3
ocean,3
date,3
built,3
shouldnt,3
jump,3
forgiven,3
heat,3
rising,3
olivia,3
obrien,3
gnash,3
learned,3
dad,3
trust,3
closed,3
soon,3
challenge,3
chick,3
fixed,3
hottest,3
strength,3
pure,3
tricking,3
tie,3
hole,3
sideways,3
flexin,3
eleven,3
fresher,3
angry,3
bask,3
wide,3
llie,3
slow,3
magnet,3
celebrate,3
success,3
standing,3
closer,3
breakfast,3
lucky,3
lungs,3
beauty,3
trouble,3
yet,3
sip,3
easily,3
yaaaaa,3
worst,3
worn,3
leather,3
ehh,3
passion,3
rules,3
carry,3
reaction,3
beg,3
doorway,3
ones,3
able,3
remind,3
wed,3
outer,3
space,3
laughin,3
sayin,3
fence,3
tiger,3
burning,3
mister,3
fahrenheit,3
travelling,3
speed,3
supersonic,3
bismillah,3
mamma,3
princess,3
sleeping,3
thunder,3
finished,3
keeps,3
gunpowder,3
gelatine,3
dynamite,3
laser,3
beam,3
guaranteed,3
kept,3
hip,3
gggirls,3
nine,3
five,3
simple,3
yep,3
crib,3
pushed,3
smelt,3
shift,3
ohwoah,3
instead,3
wet,3
honest,3
sugar,3
glow,3
focus,3
extraordinary,3
present,3
wealth,3
sincere,3
rise,3
survive,3
toast,3
toaster,3
ambitions,3
risk,3
everywhere,3
surrounded,3
savin,3
demons,3
regrets,3
describe,3
list,3
blame,3
checking,3
fear,3
rainin,3
mentality,3
cross,3
draw,3
mustang,3
childhood,3
99,3
nobodys,3
patient,3
somebodys,3
droppin,3
addy,3
monang,3
bilo,3
dollars,3
rap,3
bottoms,3
worker,3
chill,3
hang,3
gate,3
woahwoahwoahwoahwoahwoahwoahwoahwoah,3
shawty,3
fingers,3
buss,3
silent,3
tv,3
1999,3
heroes,3
swimmin,3
floods,3
slippin,3
slidin,3
tricks,3
grip,3
lone,3
eak,3
apple,3
custom,3
eeny,3
miny,3
moe,3
gyal,3
directly,3
exhausting,3
antihero,3
speech,3
hungered,3
ridin,3
outside,3
bazir,3
healing,3
flizzow,3
hypnotize,3
hug,3
posting,3
kissin,3
screamin,3
breadcrumb,3
is—,3
aim,3
pm,3
ninetyfive,3
baow,3
sixty,3
fans,3
mwah,3
chi,3
soft,3
oheh,3
wound,3
hoo,3
shh,3
cheeks,2
mysterious,2
fades,2
plan,2
tempt,2
cloudy,2
grows,2
kneehigh,2
mountaintop,2
tin,2
crowd,2
passing,2
reminds,2
sounds,2
sweat,2
bone,2
lions,2
beast,2
belly,2
theyve,2
hits,2
however,2
curl,2
extra,2
mile,2
slim,2
mmmverse,2
mall,2
max,2
credit,2
cards,2
bend,2
mmmchorus,2
phones,2
blowin,2
shame,2
cuts,2
starin,2
ls,2
pass,2
bare,2
text,2
job,2
understood,2
ps,2
crossing,2
paths,2
glance,2
movies,2
style,2
talking,2
clue,2
suit,2
question,2
oldfashioned,2
stood,2
plastic,2
deadverse,2
moon,2
mans,2
planes,2
loans,2
highway,2
stage,2
age,2
daffodils,2
string,2
flower,2
spring,2
fucking,2
wander,2
deepest,2
saviour,2
fallprechorus,2
nanananananana,2
lovechorus,2
window,2
missed,2
fantasies,2
reachin,2
laid,2
damned,2
cupids,2
demandin,2
speck,2
yesterday,2
lion,2
deer,2
andchorus,2
lamb,2
disappeared,2
promised,2
humour,2
giggle,2
everybodys,2
disapproval,2
worshipped,2
mouthpiece,2
sundays,2
bleak,2
poison,2
offers,2
absolutes,2
bedroom,2
lifeverse,2
pagan,2
sunlight,2
goddess,2
demands,2
sacrifice,2
drain,2
meaty,2
main,2
stable,2
starvin,2
faithful,2
tasty,2
hungry,2
masters,2
ritual,2
begins,2
innocence,2
gentle,2
madness,2
soil,2
earthly,2
cleanprechorus,2
hozier,2
rob,2
kirwan,2
directed,2
brendan,2
canty,2
conal,2
thomson,2
rarely,2
wornout,2
early,2
expression,2
dying,2
circles,2
birthday,2
nervous,2
addicted,2
certain,2
rough,2
stoop,2
collect,2
records,2
kimbra,2
reading,2
religion,2
dreamer,2
join,2
restless,2
stayin,2
tree,2
upon,2
tall,2
cried,2
invest,2
slipping,2
seventeen,2
behavior,2
benny,2
blanco,2
pieces,2
happen,2
heres,2
throwing,2
drug,2
heavy,2
cute,2
original,2
zone,2
noprechorus,2
rb,2
112314,2
american,2
soulrb,2
annual,2
mrs,2
—,2
salute,2
festival,2
121313,2
platinum,2
featured,2
91815,2
naughty,2
benjamin,2
121613,2
paris,2
haunted,2
jealous,2
grown,2
madonna,2
lazy,2
honestly,2
chasing,2
gochorus,2
wedding,2
bells,2
cloud,2
admire,2
reassure,2
purposeless,2
provide,2
letter,2
untie,2
shoestrings,2
links,2
feed,2
bathwater,2
supply,2
brush,2
durag,2
footrub,2
manicure,2
youverse,2
fulfillin,2
spirit,2
remain,2
outfits,2
youbridge,2
stole,2
x3,2
uninspired,2
hatred,2
harbour,2
gay,2
racist,2
laces,2
medieval,2
minded,2
approval,2
hateful,2
distastefulchorus,2
slew,2
opinion,2
touchoutro,2
spin,2
leg,2
ahaha,2
bikini,2
sweatin,2
wonderin,2
nicest,2
cab,2
nothings,2
sink,2
strange,2
shining,2
itchorus,2
pursue,2
separate,2
counting,2
shots,2
handmade,2
grab,2
begin,2
taxi,2
radio,2
terrified,2
played,2
wrote,2
deeper,2
tries,2
covergirls,2
beautifulchorus,2
tongue,2
needin,2
trippin,2
keys,2
vacation,2
skrr,2
ohwoahwoah,2
swallow,2
drowning,2
sorrows,2
shaking,2
disappointed,2
cared,2
probably,2
ahead,2
checked,2
laughing,2
revenge,2
burnsverse,2
fineness,2
bitter,2
bigger,2
stings,2
greener,2
technicolor,2
guys,2
bones,2
hardearned,2
praise,2
lordchorus,2
common,2
rhythm,2
defeat,2
prison,2
cell,2
lordoutro,2
machine,2
guns,2
shootout,2
repeating,2
order,2
insecure,2
brother,2
stones,2
dum,2
beh,2
pushing,2
puts,2
terror,2
rains,2
bo,2
dares,2
gravity,2
loose,2
heychorus,2
scaramouche,2
aside,2
stone,2
dresses,2
sweatpants,2
physique,2
become,2
flames,2
farewell,2
forgive,2
recommended,2
insatiable,2
appetite,2
naturally,2
action,2
gas,2
tracks,2
hitchhike,2
motorbike,2
barber,2
fu,2
persuasion,2
nation,2
endless,2
devour,2
college,2
respect,2
depression,2
anxiety,2
social,2
apologizing,2
exes,2
wearing,2
riches,2
gleamin,2
card,2
racks,2
juice,2
pockets,2
wallet,2
streaming,2
apparently,2
male,2
lived,2
shining‚,2
no‚,2
coasting,2
explanation,2
ally,2
dolla,2
ign,2
baby‚,2
witch,2
jewelry,2
distracted,2
traffic,2
television,2
communication,2
rightverse,2
rippin,2
mmprechorus,2
messages,2
notes,2
prechrous,2
mmh,2
messed,2
cooler,2
ice,2
seconds,2
polaroid,2
saint,2
dependin,2
calming,2
fights,2
inna,2
cameras,2
shade,2
pigment,2
natural,2
notice,2
lines,2
restrained,2
faithfully,2
ohohohohohoh,2
flag,2
ahha,2
fistfighting,2
fucks,2
awakened,2
rule,2
awaypostchorus,2
sunshine,2
argue,2
yell,2
crack,2
longed,2
digest,2
faded,2
inner,2
carriage,2
confess,2
pulling,2
protection,2
message,2
misery,2
yeahprechorus,2
aggressive,2
dishes,2
papapa,2
asks,2
smilin,2
nothins,2
toppostchorus,2
remove,2
bags,2
yard,2
fool,2
puttin,2
hurry,2
selfcontrol,2
internet,2
drew,2
2002,2
covers,2
forward,2
ended,2
scary,2
laugh,2
married,2
plus,2
smash,2
everyones,2
oohverse,2
backin,2
pictures,2
mhm,2
clear,2
paper,2
pictureperfect,2
chased,2
ddont,2
dirty,2
oheeoheeoh,2
hoeeoheeome,2
fendi,2
miu,2
representin,2
hobin,2
jang,2
ado,2
nogori,2
field,2
duo,2
bona,2
poie,2
kojo,2
messin,2
tigo,2
flat,2
fruit,2
sitting,2
tribes,2
cardi,2
bother,2
whip,2
vroom,2
forgot,2
chewing,2
reach,2
link,2
youguitar,2
ngada,2
silence,2
wipe,2
relieved,2
released,2
vida,2
elevate,2
nightverse,2
excited,2
exotic,2
truck,2
luqman,2
arrogant,2
afraid,2
sister,2
ye,2
stepping,2
champions,2
mе,2
track,2
juniors,2
pussies,2
industry,2
arrive,2
thong,2
p,2
graveyard,2
tale,2
dreaming,2
meaning,2
beginning,2
convince,2
magic,2
godspeed,2
rivers,2
drifting,2
region,2
separated,2
thatll,2
foolishly,2
sonone,2
news,2
language,2
aces,2
flop,2
enterprise,2
stadiums,2
gopro,2
amatur,2
8k,2
bands,2
mariah,2
carey,2
thedream,2
mc,2
imagination,2
temperatures,2
bodyverse,2
brandnew,2
tighter,2
caress,2
tropical,2
caribbean,2
bodybridge,2
teddy,2
luxury,2
laying,2
intertwined,2
lalalaladadada,2
unapproved,2
cooperate,2
butterflies,2
disgusting,2
despite,2
mistake,2
nonsense,2
nudy,2
6ix,2
rappin,2
slap,2
chrome,2
pushin,2
budapest,2
hidden,2
golden,2
grand,2
piano,2
castillo,2
ahooh,2
bonds,2
hesitant,2
thrill,2
cai,2
amor,2
sway,2
tre,2
oj,2
tsa,2
brothers,2
chain,2
pigs,2
blicky,2
uhhuh,2
shirt,2
eww,2
excuse,2
fireworks,2
michigan,2
hop,2
beach,2
suntanning,2
ay,2
protracted,2
barricade,2
police,2
system,2
supremacy,2
brrt,2
occupyin,2
students,2
gaza,2
impossible,2
painted,2
universe,2
mepostchorus,2
bottom,2
wantchorus,2
wawake,2
sweep,1
seventy,1
twentythree,1
hairs,1
crowds,1
evergreen,1
smiles,1
memoryprechorus,1
ringing,1
drone,1
skinverse,1
conversations,1
seep,1
skininstrumental,1
meanest,1
prophets,1
profit,1
kicks,1
growchorus,1
seasons,1
bound,1
canverse,1
6,1
ringin,1
doorbell,1
tonightverse,1
tonightoutro,1
borrow,1
sunday,1
startprechorus,1
king,1
switched,1
knock,1
pattern,1
catting,1
spliff,1
talisman,1
planning,1
showtime,1
spanish,1
senorita,1
guapa,1
bun,1
zoobie,1
overdraft,1
lending,1
bebridge,1
government,1
shoe,1
cash,1
payslip,1
chilling,1
mary,1
dating,1
flavours,1
fruity,1
studi,1
baton,1
susie,1
loopy,1
senoritas,1
boujee,1
l,1
wife,1
snap,1
badders,1
shifts,1
graft,1
bluffingbridge,1
straight,1
heartbeat,1
invincible,1
background,1
driving,1
lane,1
kidsbridge,1
saturday,1
jumped,1
raced,1
knocked,1
choice,1
altar,1
goprechorus,1
answers,1
so–,1
wrapped,1
elastic,1
toys,1
taiwanese,1
laughed,1
spastic,1
laundrettes,1
cleaned,1
rubbed,1
puddles,1
splashed,1
huddles,1
crows,1
dressed,1
suits,1
boots,1
cafe,1
books,1
crackling,1
vinyl,1
carved,1
poem,1
urinal,1
evening,1
packet,1
shone,1
buttons,1
jacket,1
nail,1
tacked,1
pigeons,1
pecked,1
trains,1
sparks,1
flew,1
rainbows,1
oil,1
stains,1
iphones,1
widow,1
mist,1
forage,1
storage,1
mortgage,1
thumb,1
trudge,1
disused,1
mattress,1
blanket,1
stitch,1
needle,1
thread,1
deaddont,1
brilliant,1
bel,1
midjuly,1
channeling,1
electric,1
soulchorus,1
bathe,1
melodies,1
minechorus,1
aaah,1
upchorus,1
teas,1
wondering,1
therell,1
imply,1
soaking,1
handed,1
towel,1
falls,1
dreamin,1
moonlight,1
realised,1
blink,1
whisper,1
minutes,1
tomorrowchorus,1
strangers,1
sometime,1
montreal,1
lovely,1
backpacking,1
traveling,1
europe,1
languages,1
eiffel,1
tower,1
rome,1
familiar,1
daily,1
races,1
filling,1
glasses,1
teacher,1
enlarge,1
company,1
sadness,1
resignation,1
knowinstrumental,1
screwed,1
hung,1
countries,1
possessions,1
greed,1
brotherhood,1
sharing,1
bathtub,1
clubs,1
munchies,1
binge,1
twinkies,1
tub,1
daddies,1
playground,1
loosen,1
frown,1
greasy,1
easychorus,1
oohoohoohoohoutro,1
bearded,1
barley,1
nightly,1
beside,1
spinning,1
dress,1
tire,1
flowered,1
trail,1
marked,1
fathers,1
map,1
meinstrumental,1
x10,1
lipstick,1
myselfverse,1
friendly,1
smiling,1
needs,1
putting,1
myselfhook,1
kidnap,1
chose,1
seeing,1
stares,1
politely,1
photos,1
herechorusx2,1
stargate,1
mikkel,1
eriksen,1
ross,1
golan,1
tor,1
erik,1
hermansen,1
nowow,1
spending,1
wasting,1
changing,1
knowprechorus,1
blocked,1
loaded,1
popping,1
parties,1
ignoredchorus,1
ispostchorus,1
river,1
dried,1
floodprechorus,1
thirsty,1
coursing,1
lowchorus,1
encourage,1
advance,1
nope,1
priority,1
personal,1
heyprechorus,1
december,1
2013,1
october,1
2015,1
era,1
accomplishments,1
fandemonium,1
collaboration,1
director,1
burke,1
todd,1
tourso,1
appearances,1
12614,1
56th,1
21914,1
2014,1
brit,1
2201432714,1
6251491314,1
82414,1
mtv,1
2815,1
57th,1
21615,1
stevie,1
key,1
allstar,1
9515,1
america,1
92615,1
global,1
citizen,1
102015,1
tidal,1
1020,1
discography,1
81214,1
edition,1
ep,1
112514,1
112814,1
9415,1
21814,1
6214,1
filmography,1
visual,1
videos,1
available,1
itunes,1
xo,1
22514,1
partition,1
42414,1
92014,1
10614,1
112114,1
chimamanda,1
ngozi,1
adichie,1
superpower,1
frank,1
yoncé,1
121214,1
2915,1
precious,1
51714,1
61814,1
51815,1
61815,1
cameo,1
interviews,1
article,1
publisher,1
published,1
afternoon,1
asking,1
arriving,1
mercedes,1
70s,1
classic,1
lalaverse,1
behave,1
toochorus,1
everlasting,1
moreverse,1
trembling,1
moreprechorus,1
sweaters,1
attached,1
reel,1
thеn,1
thesе,1
harm,1
arm,1
alarms,1
caution,1
tape,1
drinks,1
mixed,1
bridges,1
create,1
distance,1
reminiscing,1
songchorus,1
shadow,1
sweetest,1
sprinkled,1
pixie,1
destiny,1
soared,1
realized,1
reached,1
peacefully,1
daychorus,1
tinker,1
bell,1
storybook,1
who…ooo,1
x2,1
ahh…,1
newprechorus,1
finding,1
obvious,1
ooo…,1
outrox2,1
tippin,1
drankbridge,1
careoutro,1
wee,1
bb,1
deaky,1
pink,1
kufi,1
dye,1
dashiki,1
nefertiti,1
edges,1
kinky,1
presses,1
trick,1
overzealous,1
purpose,1
poorly,1
wired,1
circuit,1
inprechorus,1
toooutro,1
cruel,1
existence,1
dodged,1
bullet,1
ohprechorus,1
callin,1
bass,1
scratchin,1
tatt,1
scream,1
suffocate,1
saidi,1
numbs,1
novacaine,1
insane,1
samei,1
knight,1
armor,1
aftertaste,1
masturbate,1
prototype,1
stacks,1
example,1
candidate,1
girlfriends,1
concentrate,1
weeks,1
worlds,1
clutter,1
indeed,1
bar,1
table,1
van,1
jukebox,1
bodypostchorus,1
thrifty,1
allyoucaneat,1
driver,1
mmchorus,1
onchorus,1
stories,1
struggle,1
spot,1
crowdprechorus,1
wounds,1
held,1
throwin,1
smiled,1
stonecold,1
sober,1
letting,1
nightprechorus,1
somehow,1
weight,1
vows,1
oldpostchorus,1
unnoticed,1
limits,1
craves,1
attention,1
praises,1
image,1
prays,1
sculpted,1
sculptor,1
shinin,1
cover,1
woes,1
beautifulverse,1
envy,1
starving,1
surface,1
clearer,1
temptations,1
troubles,1
thatverse,1
habits,1
grudge,1
budge,1
againprechorus,1
hills,1
cycle,1
breathing,1
completely,1
aware,1
reasonsand,1
fathom,1
parts,1
eyy,1
ehhy,1
faith,1
misbehave,1
veinsprechorus,1
compromise,1
oohwoah,1
vintage,1
80s,1
rotate,1
itprechorus,1
pressures,1
hardest,1
energys,1
killin,1
vibes,1
sucks,1
dieverse,1
erase,1
tempting,1
resist,1
disrupts,1
breaking,1
makingchorus,1
disappointment,1
annoying,1
issue,1
towards,1
embarrassed,1
paranoia,1
shoulda,1
it´,1
butchorus,1
apology,1
rate,1
awful,1
packed,1
couch,1
lecture,1
eventually,1
coulda,1
letdown,1
joke,1
happychorus,1
dash,1
everythings,1
uptight,1
whoa,1
seechorus,1
steve,1
walks,1
warily,1
brim,1
kicked,1
outchorus,1
heyeheh,1
cheat,1
ayyeah,1
chords,1
rhyme,1
shrink,1
identify,1
candle,1
nose,1
homegrown,1
creek,1
roam,1
mattered,1
student,1
treehouse,1
homes,1
latterprechorus,1
mymymy,1
outoutro,1
num,1
doo,1
buh,1
pressing,1
splits,1
streetspostchorus,1
hm,1
chipping,1
brains,1
pours,1
slashed,1
torn,1
insanity,1
laughs,1
breakingverse,1
floating,1
ecstasy,1
shooting,1
leaping,1
defying,1
laws,1
racing,1
godiva,1
stopping,1
yeahverse,1
mars,1
collision,1
satellite,1
reload,1
atom,1
bomb,1
fantasy,1
landslide,1
escape,1
sympathy,1
begun,1
thrown,1
sends,1
shivers,1
spine,1
allverse,1
silhouetto,1
fandango,1
thunderbolt,1
lightning,1
frightning,1
figaro,1
magnifico,1
spare,1
monstrosity,1
beelzebub,1
devil,1
spit,1
likeverse,1
likebridge,1
fooled,1
monsters,1
nameprechorus,1
selfsatisfied,1
freeoutro,1
moet,1
et,1
chandon,1
cabinet,1
marie,1
antoinette,1
builtin,1
remedy,1
khrushchev,1
kennedy,1
invitation,1
decline,1
caviar,1
cigarettes,1
versed,1
etiquette,1
extraordinarily,1
avoid,1
complications,1
address,1
spoke,1
baroness,1
china,1
geisha,1
minah,1
incidentally,1
inclined,1
perfume,1
fastidious,1
precisechorus,1
playful,1
cat,1
momentarily,1
temporarily,1
absolutely,1
cries,1
cradle,1
swings,1
jives,1
shakes,1
jellyfish,1
n,1
drives,1
loveverse,1
disrespect,1
tttouch,1
houston,1
texas,1
latest,1
later,1
thisrefrain,1
playin,1
reppin,1
raise,1
grads,1
41,1
women,1
millions,1
girlschorus,1
overcome,1
kicking,1
teach,1
cancel,1
overthink,1
wishing,1
exesll,1
upprechorus,1
likeoutro,1
liiiiike,1
hmmmmmm,1
tiffanys,1
bubbles,1
tattoos,1
lashes,1
atm,1
machines,1
tied,1
checks,1
wrist,1
flossy,1
deposits,1
gloss,1
matching,1
spoil,1
retail,1
therapy,1
addiction,1
whoever,1
happiness,1
redbottomsprechorus,1
beamin,1
receipts,1
numbers,1
settin,1
tone,1
stacked,1
booth,1
loop,1
loot,1
net,1
budget,1
hardly,1
waking,1
lyin,1
planned,1
rightchorus,1
morebridge,1
daytime,1
beloved,1
hearted,1
reply,1
confident,1
usable,1
useless,1
sailing,1
sailing‚,1
rainverse,1
wearin,1
nanada,1
impatient,1
sendin,1
pic,1
fired,1
motion,1
promotion,1
vacay,1
inbetween,1
earlyprechorus,1
ty,1
timesheet,1
63,1
céline,1
foreign,1
juug,1
finessin,1
pipe,1
overtime,1
bodychorus,1
and‚,1
around‚,1
regular‚,1
alrightverse,1
naked,1
ohchorus,1
nile,1
crocodile,1
piranha,1
threepoint,1
shooter,1
bayou,1
yahprechorus,1
motherfucka,1
cheerful,1
inviting,1
atmosphere,1
adults,1
realize,1
dreamy,1
loneliness,1
decorate,1
drawing,1
interesting,1
recite,1
throughout,1
gratitude,1
whisperings,1
poverty,1
cruelly,1
absence,1
begging,1
immediately,1
wisdom,1
also,1
trychorus,1
sticking,1
separates,1
involved,1
exception,1
denial,1
dancechorus,1
caddy,1
cuma,1
fellas,1
lend,1
neighbor,1
gorefrain,1
beyoncés,1
lucy,1
lius,1
dolls,1
jhn,1
almighty,1
likkle,1
wifey,1
wilhelmina,1
maze,1
villain,1
ninetofive,1
trophy,1
naomis,1
oscar,1
lupita,1
drip,1
levee,1
kellys,1
braid,1
braids,1
melanin,1
minds,1
wines,1
24k,1
complexities,1
complexion,1
birth,1
nappy,1
curls,1
curve,1
beautifulprechorus,1
ahh,1
adore,1
pardon,1
impolite,1
creative,1
poetic,1
j,1
ashtray,1
greeting,1
expect,1
changed,1
lentic,1
graceful,1
waters,1
drifted,1
drift,1
flagprechorus,1
distant,1
rareverse,1
succeeding,1
ahah,1
yeahbridge,1
nooh,1
yeahoutro,1
brainverse,1
violin,1
brainclick,1
tumblin,1
ray,1
swore,1
babyverse,1
longprechorus,1
overtake,1
trait,1
sides,1
agree,1
stake,1
knowverse,1
fakes,1
sight,1
realization,1
regretschorus,1
yg,1
mustard,1
complaining,1
jaded,1
meverse,1
pound,1
serious,1
unaffected,1
connections,1
expecting,1
reckless,1
goeschorus,1
click,1
rainfall,1
innocent,1
bottled,1
teardrops,1
yeahyeah,1
tsunami,1
stairs,1
cabinets,1
unaware,1
intentions,1
floors,1
taps,1
intentionsprechorus,1
admission,1
regardless,1
objection,1
babyyy,1
pane,1
melt,1
whippin,1
champagne,1
stuff,1
jag,1
irreplaceableverse,1
untrue,1
irreplaceablebridge,1
wink,1
replacing,1
pack,1
ran,1
colors,1
partake,1
mmoh,1
uprefrain,1
mmhm,1
starting,1
trickle,1
rabbit,1
againverse,1
hypnotherapy,1
rewire,1
againbridge,1
feather,1
grownups,1
drinking,1
cups,1
lungsverse,1
eighteen,1
oohbridge,1
oneeighty,1
arent,1
siderefrain,1
sean,1
ricky,1
pete,1
thankful,1
malcolm,1
fuckin—verse,1
havin,1
discussions,1
ari,1
handles,1
expostchorus,1
fuckin—,1
aisle,1
thanking,1
forbid,1
happens,1
saychorus,1
sneak,1
finish,1
crippled,1
sposed,1
appreciate,1
dedicated,1
value,1
downverse,1
chicks,1
superficial,1
poppoppin,1
dropdroppin,1
mula,1
eever,1
youknowwhat,1
pregame,1
downbridge,1
emphasize,1
grindin,1
beyond,1
frame,1
pppppop,1
pppop,1
oohoutro,1
tonightchorus,1
sleepin,1
whisperin,1
balenciaga,1
spendin,1
rodeo,1
prada,1
rihanna,1
covered,1
beneficiary,1
food,1
blaze,1
dopan,1
laie,1
pialo,1
malaysia,1
pogang,1
semuo,1
entered,1
tando,1
aha,1
cokic,1
ompek,1
sonyum,1
teringek,1
poghah,1
drykek,1
nybit,1
salary,1
village,1
formerly,1
maso,1
kocik,1
citocito,1
astronaut,1
bosa,1
rapper,1
dialects,1
sapo,1
tak,1
mashati,1
moh,1
jumpo,1
dopandopan,1
fitness,1
computer,1
prime,1
mover,1
entrepreneur,1
chasin,1
mui,1
fong,1
homies,1
ish,1
others,1
listening,1
bro,1
gangin,1
gear,1
coward,1
gangsters,1
lombu,1
rope,1
takdo,1
pounds,1
ghobeh,1
umbrella,1
opened,1
chestnuts,1
policies,1
accuse,1
den,1
paya,1
kumbuh,1
grandma,1
batu,1
hampar,1
biduanda,1
somolenggang,1
solomak,1
aceh,1
melako,1
rajo,1
berah,1
leader,1
environment,1
ksr,1
b,1
fee,1
banks,1
fond,1
dropped,1
mixtapes,1
goals,1
bape,1
swim,1
yves,1
laurent,1
trunk,1
cheap,1
billchorus,1
popped,1
goofy,1
opp,1
accounts,1
stove,1
arrove,1
rolls,1
wraith,1
tank,1
steak,1
relate,1
charms,1
frosted,1
flakes,1
mail,1
mona,1
scottchorus,1
vibez,1
banger,1
mellow,1
naim,1
situation,1
conform,1
bumbum,1
sabi,1
oohchorus,1
twowo,1
race,1
wey,1
shebi,1
situations,1
experience,1
confirm,1
ego,1
bringing,1
pinch,1
handful,1
amacamcam,1
office,1
amacam,1
hearing,1
lega,1
ooouuu,1
arrange,1
disagree,1
sike,1
have—,1
dato,1
seri,1
idea,1
book,1
uproar,1
woohoh,1
ringring,1
delete,1
aches,1
wither,1
ohlalalalalalala,1
hypersonic,1
erotic,1
draulics,1
actin,1
hella,1
thotty,1
seasoned,1
professional,1
squeeze,1
tease,1
bitchll,1
blindin,1
levitate,1
relaxed,1
fiber,1
peaceful,1
uuu,1
prefer,1
suddenly,1
self,1
overly,1
observe,1
luqmans,1
pity,1
mouths,1
myvi,1
quietha,1
select,1
fish,1
market,1
toetotoe,1
ninezeros,1
steal,1
stressing,1
obsessing,1
sealing,1
dddaytrip,1
grammys,1
plaques,1
onеs,1
plaque,1
queer,1
madea,1
release,1
sue,1
doobie,1
jack,1
harlow,1
bash,1
flashy,1
boyfriend,1
handprint,1
cheek,1
posts,1
og,1
chokin,1
toasts,1
rumors,1
humor,1
jokes,1
boomers,1
consumers,1
vets,1
oklahoma,1
bloomer,1
peak,1
cuter,1
networks,1
computers,1
loserschorus,1
ayo,1
prettiest,1
samurai,1
dive,1
exbitch,1
applications,1
apply,1
brr,1
ppppressure,1
applied,1
wetter,1
umbrellas,1
stickier,1
pieprechorus,1
chanel,1
burberry,1
purr,1
meow,1
fuckboys,1
double,1
neither,1
scroll,1
manolo,1
lookout,1
bolo,1
elegant,1
meeny,1
tea,1
fd,1
master,1
knee,1
rocky,1
asap,1
rih,1
gobridge,1
fffreak,1
wiser,1
midnights,1
afternoons,1
ghosted,1
devices,1
prices,1
vices,1
crisis,1
scheming,1
monster,1
hill,1
lurching,1
toward,1
pierced,1
killedprechorus,1
covert,1
narcissism,1
disguise,1
altruism,1
congressman,1
daughterinlaw,1
kills,1
thinks,1
gathers,1
reads,1
screams,1
breakdown,1
agreeschorus,1
sial,1
pseudo,1
cintaiku,1
youlove,1
spell,1
cast,1
sighs,1
press,1
roses,1
bloom,1
sigh,1
pair,1
asmara,1
loka,1
assumptions,1
storms,1
exists,1
overlapping,1
obstacles,1
loyalty,1
remains,1
shore,1
bеautiful,1
bluе,1
ahahahahahahah,1
ahahah,1
woahooh,1
balloons,1
deflated,1
lifeless,1
souvenirs,1
buildin,1
presents,1
unopened,1
baran,1
buried,1
4th,1
july,1
crash,1
spedin,1
row,1
connect,1
cells,1
toxic,1
takyah,1
kenobi,1
force,1
rusty,1
iron,1
carat,1
hundos,1
renting,1
lambos,1
ig,1
uploads,1
rangе,1
tzu,1
chaotic,1
enemy,1
mistaken,1
martial,1
arts,1
luster,1
daud,1
kilau,1
saving,1
pennies,1
lawat,1
insight,1
area,1
2020,1
they—,1
animal,1
stripes,1
piloto,1
capitan,1
flizz,1
flights,1
takeoff,1
standard,1
michio,1
rigid,1
queens,1
series,1
marshall,1
padang,1
items,1
stadium,1
status,1
cave,1
kallang,1
sonae,1
def,1
bodycams,1
cops,1
patrol,1
telegram,1
incase,1
folks,1
forgiattos,1
spokes,1
effect,1
disease,1
injuries,1
headed,1
continues,1
effort,1
topy,1
tightly,1
megor,1
longing,1
heartprechorus,1
zip,1
crunk,1
steppin,1
mushed,1
smooshed,1
biggest,1
chicken,1
wing,1
flex,1
bars,1
necks,1
dot,1
dm,1
vanish,1
mode,1
thicker,1
plot,1
busted,1
duckin,1
clutch,1
period,1
suck,1
booty,1
ratchet,1
tracker,1
christmas,1
eve,1
uncle,1
flea,1
athlete,1
got—segue,1
ceo,1
bank,1
account,1
sticks,1
clones,1
cliquin,1
nan,1
seein,1
cmb,1
cmg,1
bnb,1
pnd,1
steady,1
ptsd,1
tmz,1
gmc,1
revvin,1
dmc,1
layup,1
brb,1
rappers,1
askin,1
cozy,1
twentyfour,1
kobe,1
shoutout,1
8,1
ate,1
twelve,1
reciprocate,1
fiftyone,1
division,1
patrollin,1
dawgs,1
eatin,1
baccarat,1
underestimate,1
vet,1
rookie,1
ayyoutro,1
acres,1
achieved,1
awayverse,1
artifacts,1
handrefrain,1
unspeakable,1
diction,1
described,1
sheet,1
ballsdeep,1
beefin,1
buttnaked,1
mgm,1
blurry,1
doverse,1
ballet,1
proposеd,1
lеft,1
dealin,1
deadbeat,1
noite,1
sobre,1
nosso,1
agora,1
só,1
restou,1
uma,1
palavra,1
adeus,1
thirtytwo,1
marathon,1
touched,1
glock,1
gen5,1
choppеr,1
everywherе,1
duck,1
bodies,1
flame,1
mascot,1
half,1
plain,1
lame,1
revolvers,1
wayne,1
belt,1
nailed,1
911,1
subtweeting,1
health,1
gangster,1
rat,1
lego,1
ratatat,1
draco,1
scat,1
facts,1
stepped,1
kahunas,1
lettin,1
jam,1
pointin,1
slide,1
sharpenin,1
smokin,1
slain,1
21chorus,1
chinnychinchin,1
huff,1
puff,1
johnny,1
glorilla,1
chaiis,1
cuh,1
fifth,1
hen,1
twin,1
backwood,1
za,1
bankroll,1
twitter,1
typin,1
crop,1
bikers,1
shorts,1
moose,1
knuckle,1
outsidе,1
brownskin,1
dreads,1
blackass,1
waves,1
lеts,1
pressed,1
damnnear,1
wrecked,1
yeezy,1
fuckrefrain,1
manipedi,1
pff,1
offwhite,1
forty,1
inches,1
sixthirteen,1
duh,1
finna,1
wreck,1
17,1
nem,1
ahrefrain,1
blick,1
homie,1
windy,1
tow,1
straighten,1
downtown,1
nighttime,1
astoundin,1
shell,1
entertainers,1
drove,1
affiliated,1
winter,1
wouldntve,1
airport,1
spark,1
lighters,1
chitownchorus,1
aligned,1
mental,1
windows,1
hunnid,1
mill,1
jeweler,1
lemonade,1
juicerprechorus,1
nirvana,1
commas,1
mobbing,1
pajamas,1
sidekick,1
timing,1
alwaysprechorus,1
showchorus,1
bill,1
milk,1
journey,1
shelter,1
threatenin,1
divesting,1
wantin,1
protests,1
protesting,1
country,1
funding,1
cube,1
eazye,1
actors,1
badges,1
protecting,1
property,1
designed,1
meta,1
politicians,1
aipac,1
cufi,1
companies,1
generation,1
ban,1
tiktok,1
algorithm,1
witness,1
rubble,1
buildings,1
murdered,1
defend,1
resistance,1
blast,1
claimin,1
antisemitic,1
antizionist,1
jewish,1
sisters,1
solidarity,1
organizin,1
unlearnin,1
cuttin,1
ties,1
rely,1
apartheid,1
uphold,1
violent,1
history,1
seventyfive,1
nakba,1
colonizer,1
lied,1
tents,1
posted,1
lawn,1
quad,1
law,1
squad,1
genocide,1
definition,1
destroyin,1
mosque,1
rafah,1
bombs,1
biden,1
votin,1
undecided,1
twist,1
united,1
defeated,1
freedoms,1
horizon,1
industrys,1
complicit,1
platform,1
dyou,1
label,1
fed,1
ceasefire,1
response,1
pretendin,1
mamushi,1
ko,1
lock,1
starmegan,1
center,1
ー,1
stack,1
tetris,1
bottle,1
maruchan,1
hermès,1
croc,1
gettingtin,1
clocked,1
cropped,1
carats,1
bunny,1
japan,1
yen,1
madam,1
chopsticks,1
south,1
gеt,1
flowing,1
fulfilling,1
stario,1
gathered,1
lined,1
recorded,1
roppongi,1
ladder,1
diamond,1
toko,1
nic,1
greetings,1
takkan,1
unconsciously,1
pleasure,1
nature,1
gift,1
allah,1
actions,1
10,1
oclock,1
daylight,1
sunrise,1
smellin,1
bonfire,1
whiskеy,1
grounds,1
vine,1
grape,1
barrel,1
cherry,1
babys,1
toothaches,1
drunken,1
dreamed,1
didchorus,1
fret,1
lamplight,1
penthouse,1
suites,1
test,1
titties,1
bustin,1
rocks,1
wifed,1
shorty,1
ignorin,1
class,1
valedictorian,1
rag,1
fivestar,1
delicious,1
12,1
sheesh,1
that—,1
mmmm,1
asleep,1
bug,1
worries,1
you—,1
realchorus,1
pharrell,1
housekeeping,1
seal,1
month,1
duffel,1
perla,1
vickie,1
peep,1
